GEO.id,GEO.id2,GEO.display-label,HD01_VD01,HD02_VD01,HD01_VD02,HD02_VD02,HD01_VD03,HD02_VD03,HD01_VD04,HD02_VD04,HD01_VD05,HD02_VD05,HD01_VD06,HD02_VD06,HD01_VD07,HD02_VD07,HD01_VD08,HD02_VD08,HD01_VD09,HD02_VD09,HD01_VD11,HD02_VD11,HD01_VD12,HD02_VD12,HD01_VD13,HD02_VD13,HD01_VD14,HD02_VD14,HD01_VD15,HD02_VD15,HD01_VD16,HD02_VD16,HD01_VD17,HD02_VD17,HD01_VD18,HD02_VD18,HD01_VD19,HD02_VD19,HD01_VD20,HD02_VD20
Id,Id2,Geography,Estimate; Total:,Margin of Error; Total:,Estimate; Population of one race:,Margin of Error; Population of one race:,Estimate; Population of one race: - White,Margin of Error; Population of one race: - White,Estimate; Population of one race: - Black or African American,Margin of Error; Population of one race: - Black or African American,Estimate; Population of one race: - American Indian and Alaska Native,Margin of Error; Population of one race: - American Indian and Alaska Native,Estimate; Population of one race: - Asian alone,Margin of Error; Population of one race: - Asian alone,Estimate; Population of one race: - Native Hawaiian and Other Pacific Islander,Margin of Error; Population of one race: - Native Hawaiian and Other Pacific Islander,Estimate; Population of one race: - Some other race,Margin of Error; Population of one race: - Some other race,Estimate; Population of two or more races:,Margin of Error; Population of two or more races:,Estimate; Population of two or more races: - Two races including Some other race,Margin of Error; Population of two or more races: - Two races including Some other race,"Estimate; Population of two or more races: - Two races excluding Some other race, and three or more races","Margin of Error; Population of two or more races: - Two races excluding Some other race, and three or more races",Estimate; Population of two or more races: - Population of two races:,Margin of Error; Population of two or more races: - Population of two races:,Estimate; Population of two or more races: - Population of two races: - White; Black or African American,Margin of Error; Population of two or more races: - Population of two races: - White; Black or African American,Estimate; Population of two or more races: - Population of two races: - White; American Indian and Alaska Native,Margin of Error; Population of two or more races: - Population of two races: - White; American Indian and Alaska Native,Estimate; Population of two or more races: - Population of two races: - White; Asian,Margin of Error; Population of two or more races: - Population of two races: - White; Asian,Estimate; Population of two or more races: - Population of two races: - Black or African American; American Indian and Alaska Native,Margin of Error; Population of two or more races: - Population of two races: - Black or African American; American Indian and Alaska Native,Estimate; Population of two or more races: - Population of two races: - All other two race combinations,Margin of Error; Population of two or more races: - Population of two races: - All other two race combinations,Estimate; Population of two or more races: - Population of three races,Margin of Error; Population of two or more races: - Population of three races,Estimate; Population of two or more races: - Population of four or more races,Margin of Error; Population of two or more races: - Population of four or more races
1400000US06075010100,06075010100,"Census Tract 101, San Francisco County, California",3827,365,3562,379,2018,278,67,56,15,23,1403,260,0,12,59,58,265,189,72,82,193,163,265,189,0,12,54,67,42,52,0,12,169,171,0,12,0,12
1400000US06075010200,06075010200,"Census Tract 102, San Francisco County, California",4220,385,4024,395,3629,360,21,34,0,12,359,137,0,12,15,25,196,109,26,41,170,99,181,112,14,23,98,85,43,44,0,12,26,41,15,25,0,12
1400000US06075010300,06075010300,"Census Tract 103, San Francisco County, California",4346,478,4288,478,2657,406,0,12,0,12,1557,365,0,12,74,88,58,42,0,12,58,42,58,42,0,12,24,27,34,37,0,12,0,12,0,12,0,12
1400000US06075010400,06075010400,"Census Tract 104, San Francisco County, California",5265,583,4866,581,3150,476,0,17,0,17,1511,424,0,17,205,167,399,202,179,152,220,139,399,202,56,79,10,18,154,95,0,17,179,152,0,17,0,17
1400000US06075010500,06075010500,"Census Tract 105, San Francisco County, California",2606,215,2400,256,1652,172,43,40,0,12,652,178,20,36,33,41,206,120,0,12,206,120,150,82,44,44,25,41,69,49,0,12,12,21,56,65,0,12
1400000US06075010600,06075010600,"Census Tract 106, San Francisco County, California",3664,433,3477,435,1164,213,36,43,0,12,2223,418,0,12,54,52,187,162,127,153,60,49,187,162,8,13,35,42,17,27,0,12,127,153,0,12,0,12
1400000US06075010700,06075010700,"Census Tract 107, San Francisco County, California",5311,449,5287,436,1152,217,151,226,0,17,3950,424,0,17,34,42,24,40,24,40,0,17,24,40,0,17,0,17,0,17,0,17,24,40,0,17,0,17
1400000US06075010800,06075010800,"Census Tract 108, San Francisco County, California",4779,427,4644,450,2239,297,0,12,9,14,2286,393,0,12,110,120,135,104,0,12,135,104,135,104,0,12,10,18,108,102,17,28,0,12,0,12,0,12
1400000US06075010900,06075010900,"Census Tract 109, San Francisco County, California",4740,295,4714,292,3278,280,60,49,0,12,1303,309,0,12,73,80,26,33,0,12,26,33,26,33,0,12,15,26,11,20,0,12,0,12,0,12,0,12
1400000US06075011000,06075011000,"Census Tract 110, San Francisco County, California",5303,557,5129,615,2584,305,70,77,0,17,2302,356,0,17,173,160,174,146,22,31,152,145,174,146,41,50,14,25,97,139,0,17,22,31,0,17,0,17
1400000US06075011100,06075011100,"Census Tract 111, San Francisco County, California",5078,414,4812,392,2939,469,171,156,0,17,1566,297,0,17,136,117,266,220,147,181,119,111,208,195,0,17,0,17,61,59,0,17,147,181,58,92,0,17
1400000US06075011200,06075011200,"Census Tract 112, San Francisco County, California",3078,310,2945,300,1686,315,41,47,1,2,1141,156,52,54,24,29,133,74,55,58,78,63,132,74,0,12,11,19,66,61,0,12,55,58,1,2,0,12
1400000US06075011300,06075011300,"Census Tract 113, San Francisco County, California",3058,259,2978,263,611,213,97,104,21,26,2244,279,5,9,0,12,80,59,9,14,71,57,80,59,0,12,12,19,59,52,0,12,9,14,0,12,0,12
1400000US06075011700,06075011700,"Census Tract 117, San Francisco County, California",1547,381,1449,354,539,120,114,100,0,12,690,326,0,12,106,86,98,72,0,12,98,72,98,72,0,12,25,28,35,39,38,61,0,12,0,12,0,12
1400000US06075011800,06075011800,"Census Tract 118, San Francisco County, California",1740,229,1731,230,130,88,2,3,14,20,1528,207,0,12,57,90,9,10,0,12,9,10,9,10,0,12,0,12,0,12,0,12,9,10,0,12,0,12
1400000US06075011901,06075011901,"Census Tract 119.01, San Francisco County, California",2543,241,2484,230,1407,212,164,126,24,37,763,200,0,12,126,82,59,45,0,12,59,45,59,45,30,40,0,12,29,23,0,12,0,12,0,12,0,12
1400000US06075011902,06075011902,"Census Tract 119.02, San Francisco County, California",2625,233,2452,257,1462,218,55,45,0,12,807,162,0,12,128,113,173,89,18,22,155,82,159,88,0,12,0,12,123,74,0,12,36,34,14,22,0,12
1400000US06075012000,06075012000,"Census Tract 120, San Francisco County, California",3563,243,3255,286,1833,279,359,126,0,12,957,286,0,12,106,75,308,97,39,45,269,90,157,97,49,75,28,34,41,37,0,12,39,45,151,14,0,12
1400000US06075012100,06075012100,"Census Tract 121, San Francisco County, California",3876,278,3634,288,2367,378,118,78,30,33,1004,221,0,12,115,72,242,109,18,28,224,105,191,107,6,13,0,12,95,80,0,12,90,75,51,39,0,12
1400000US06075012201,06075012201,"Census Tract 122.01, San Francisco County, California",4576,451,4311,470,1683,360,338,177,0,12,1645,395,0,12,645,368,265,159,107,111,158,127,163,111,14,22,29,29,0,12,0,12,120,112,102,122,0,12
1400000US06075012202,06075012202,"Census Tract 122.02, San Francisco County, California",3079,514,3011,488,1371,479,563,234,30,26,740,246,0,12,307,300,68,73,34,41,34,60,56,53,0,12,13,29,0,12,0,12,43,44,12,29,0,12
1400000US06075012301,06075012301,"Census Tract 123.01, San Francisco County, California",1790,259,1718,256,725,218,252,121,16,23,568,190,0,12,157,98,72,47,0,12,72,47,72,47,5,9,0,12,36,36,0,12,31,50,0,12,0,12
1400000US06075012302,06075012302,"Census Tract 123.02, San Francisco County, California",2518,243,2442,240,1115,250,219,101,16,28,1041,215,0,12,51,46,76,50,8,14,68,47,68,52,0,12,6,10,0,12,9,14,53,49,8,12,0,12
1400000US06075012401,06075012401,"Census Tract 124.01, San Francisco County, California",4613,739,4332,717,2110,675,316,170,17,28,1191,329,18,30,680,346,281,208,174,189,107,70,247,207,5,13,31,34,31,35,0,12,180,192,34,39,0,12
1400000US06075012402,06075012402,"Census Tract 124.02, San Francisco County, California",3393,364,3277,375,1534,282,206,110,0,12,1220,309,9,17,308,344,116,72,6,11,110,67,108,71,0,12,27,32,37,36,0,12,44,56,8,14,0,12
1400000US06075012501,06075012501,"Census Tract 125.01, San Francisco County, California",3547,364,3401,355,1124,301,431,174,67,70,1603,422,0,12,176,127,146,126,8,16,138,125,136,134,8,17,17,28,8,15,0,12,103,117,10,17,0,12
1400000US06075012502,06075012502,"Census Tract 125.02, San Francisco County, California",4120,710,3940,718,1004,343,522,234,86,90,1755,432,0,12,573,497,180,129,0,12,180,129,173,128,17,39,71,70,66,99,13,21,6,13,7,16,0,12
1400000US06075012601,06075012601,"Census Tract 126.01, San Francisco County, California",2499,268,2449,279,2172,306,0,12,0,12,277,131,0,12,0,12,50,61,13,22,37,58,50,61,0,12,0,12,37,58,0,12,13,22,0,12,0,12
1400000US06075012602,06075012602,"Census Tract 126.02, San Francisco County, California",3101,308,2996,311,2701,374,0,12,0,12,277,133,0,12,18,30,105,61,0,12,105,61,105,61,0,12,0,12,105,61,0,12,0,12,0,12,0,12
1400000US06075012700,06075012700,"Census Tract 127, San Francisco County, California",3758,295,3657,294,3160,311,180,189,0,12,281,144,15,25,21,35,101,91,0,12,101,91,88,85,15,25,0,12,30,48,0,12,43,68,0,12,13,23
1400000US06075012800,06075012800,"Census Tract 128, San Francisco County, California",4908,421,4723,437,3993,425,93,114,1,2,530,186,0,12,106,71,185,120,17,26,168,111,185,120,0,12,0,12,168,111,0,12,17,26,0,12,0,12
1400000US06075012901,06075012901,"Census Tract 129.01, San Francisco County, California",2588,265,2416,267,2068,279,2,4,11,17,335,146,0,12,0,12,172,87,0,12,172,87,160,82,23,32,36,42,88,66,0,12,13,22,12,22,0,12
1400000US06075012902,06075012902,"Census Tract 129.02, San Francisco County, California",3444,324,3326,309,2734,322,46,61,0,12,484,138,0,12,62,68,118,62,0,12,118,62,118,62,13,21,0,12,105,54,0,12,0,12,0,12,0,12
1400000US06075013000,06075013000,"Census Tract 130, San Francisco County, California",4548,378,4440,392,3900,393,0,12,15,23,472,172,0,12,53,80,108,100,19,31,89,93,108,100,0,12,0,12,89,93,0,12,19,31,0,12,0,12
1400000US06075013101,06075013101,"Census Tract 131.01, San Francisco County, California",3791,368,3635,363,2802,269,106,95,0,12,660,329,0,12,67,53,156,127,14,22,142,125,156,127,63,104,16,26,60,61,0,12,17,23,0,12,0,12
1400000US06075013102,06075013102,"Census Tract 131.02, San Francisco County, California",2692,208,2692,208,2449,221,1,2,0,12,199,71,11,17,32,37,0,12,0,12,0,12,0,12,0,12,0,12,0,12,0,12,0,12,0,12,0,12
1400000US06075013200,06075013200,"Census Tract 132, San Francisco County, California",4695,705,4661,705,3889,769,88,130,0,12,614,247,0,12,70,90,34,37,0,12,34,37,34,37,0,12,0,12,34,37,0,12,0,12,0,12,0,12
1400000US06075013300,06075013300,"Census Tract 133, San Francisco County, California",4482,277,4218,299,3526,275,78,81,0,12,582,130,0,12,32,38,264,145,14,21,250,143,188,97,0,12,14,33,153,92,0,12,21,24,29,41,47,62
1400000US06075013400,06075013400,"Census Tract 134, San Francisco County, California",3968,294,3911,291,3411,294,59,47,26,42,367,96,28,42,20,21,57,50,0,12,57,50,43,45,0,12,0,12,43,45,0,12,0,12,14,22,0,12
1400000US06075013500,06075013500,"Census Tract 135, San Francisco County, California",2592,174,2521,176,2080,196,43,42,2,6,366,110,4,6,26,19,71,42,0,12,71,42,71,42,0,12,0,12,34,31,0,12,37,46,0,12,0,12
1400000US06075015100,06075015100,"Census Tract 151, San Francisco County, California",2106,178,2023,179,1348,146,0,12,0,12,615,136,0,12,60,57,83,47,9,13,74,44,75,45,29,27,3,7,34,31,0,12,9,13,8,13,0,12
1400000US06075015200,06075015200,"Census Tract 152, San Francisco County, California",3865,331,3734,338,2680,342,142,107,0,12,907,161,0,12,5,11,131,72,0,12,131,72,131,72,30,35,0,12,88,67,13,21,0,12,0,12,0,12
1400000US06075015300,06075015300,"Census Tract 153, San Francisco County, California",2066,235,2015,234,1438,194,181,104,0,12,290,119,0,12,106,68,51,31,0,12,51,31,51,31,9,14,18,18,24,19,0,12,0,12,0,12,0,12
1400000US06075015400,06075015400,"Census Tract 154, San Francisco County, California",5927,467,5723,474,3792,448,220,127,0,17,1581,294,63,85,67,85,204,108,16,27,188,114,204,108,55,52,82,90,50,59,0,17,17,28,0,17,0,17
1400000US06075015500,06075015500,"Census Tract 155, San Francisco County, California",3918,520,3805,511,2257,462,230,130,0,12,1213,213,0,12,105,107,113,76,47,63,66,62,105,72,0,12,0,12,31,43,27,34,47,63,8,16,0,12
1400000US06075015600,06075015600,"Census Tract 156, San Francisco County, California",3015,256,2808,275,1698,238,73,53,0,12,1005,186,0,12,32,37,207,117,25,29,182,113,189,111,96,91,9,13,41,31,0,12,43,37,18,19,0,12
1400000US06075015700,06075015700,"Census Tract 157, San Francisco County, California",8373,639,8049,622,4894,553,522,162,0,17,2180,411,89,111,364,135,324,132,92,93,232,120,324,132,21,25,0,17,201,116,0,17,102,97,0,17,0,17
1400000US06075015801,06075015801,"Census Tract 158.01, San Francisco County, California",3738,346,3593,365,1800,285,1120,379,0,12,568,158,0,12,105,112,145,96,0,12,145,96,109,77,13,20,14,22,71,66,0,12,11,19,36,56,0,12
1400000US06075015802,06075015802,"Census Tract 158.02, San Francisco County, California",2837,348,2748,349,1980,244,230,130,22,35,352,159,0,12,164,107,89,69,0,12,89,69,89,69,15,25,17,25,57,56,0,12,0,12,0,12,0,12
1400000US06075015900,06075015900,"Census Tract 159, San Francisco County, California",4081,326,4040,332,1674,279,600,190,3,6,1516,287,0,12,247,287,41,38,29,33,12,19,41,38,0,12,12,19,0,12,0,12,29,33,0,12,0,12
1400000US06075016000,06075016000,"Census Tract 160, San Francisco County, California",2552,258,2358,264,1396,202,119,80,24,27,743,223,0,12,76,41,194,91,19,21,175,87,164,81,9,15,0,12,77,55,18,31,60,55,30,29,0,12
1400000US06075016100,06075016100,"Census Tract 161, San Francisco County, California",5085,512,4869,485,1437,309,1673,361,47,77,1601,451,0,12,111,120,216,155,3,7,213,154,216,155,100,101,0,12,38,49,0,12,78,87,0,12,0,12
1400000US06075016200,06075016200,"Census Tract 162, San Francisco County, California",2604,311,2517,305,1694,282,106,67,0,12,454,118,0,12,263,150,87,68,35,53,52,32,87,68,10,16,0,12,33,24,0,12,44,60,0,12,0,12
1400000US06075016300,06075016300,"Census Tract 163, San Francisco County, California",4748,870,4519,862,2545,379,1305,604,38,64,551,193,0,12,80,73,229,136,0,12,229,136,229,136,115,107,8,19,57,57,49,79,0,12,0,12,0,12
1400000US06075016400,06075016400,"Census Tract 164, San Francisco County, California",4135,360,3954,373,2990,390,405,145,19,23,434,208,0,12,106,82,181,90,8,11,173,90,181,90,79,81,0,12,28,26,27,32,47,51,0,12,0,12
1400000US06075016500,06075016500,"Census Tract 165, San Francisco County, California",5787,546,5568,518,3808,453,724,570,50,66,656,381,0,17,330,224,219,128,9,20,210,120,209,128,59,61,0,17,141,105,0,17,9,20,10,17,0,17
1400000US06075016600,06075016600,"Census Tract 166, San Francisco County, California",5537,430,5200,420,4172,388,264,198,18,31,615,291,16,26,115,111,337,164,34,38,303,167,298,163,0,17,96,130,151,89,0,17,51,44,28,42,11,17
1400000US06075016700,06075016700,"Census Tract 167, San Francisco County, California",4960,455,4862,453,4186,354,137,107,8,20,455,212,0,12,76,76,98,86,31,39,67,61,98,86,20,32,0,12,47,53,0,12,31,39,0,12,0,12
1400000US06075016801,06075016801,"Census Tract 168.01, San Francisco County, California",3329,397,3215,410,2068,316,525,327,32,43,458,208,77,109,55,81,114,76,38,36,76,66,89,69,33,54,7,11,11,17,0,12,38,36,25,29,0,12
1400000US06075016802,06075016802,"Census Tract 168.02, San Francisco County, California",2957,358,2857,344,1826,279,276,218,53,51,563,191,18,31,121,129,100,56,10,15,90,56,64,49,0,12,0,12,44,47,0,12,20,22,36,32,0,12
1400000US06075016900,06075016900,"Census Tract 169, San Francisco County, California",3021,224,2914,226,2389,251,109,69,0,12,289,124,37,55,90,87,107,63,0,12,107,63,89,58,50,41,11,17,28,29,0,12,0,12,18,21,0,12
1400000US06075017000,06075017000,"Census Tract 170, San Francisco County, California",3857,281,3810,277,3167,321,124,105,0,12,465,235,0,12,54,63,47,47,6,15,41,48,47,47,0,12,41,48,0,12,0,12,6,15,0,12,0,12
1400000US06075017101,06075017101,"Census Tract 171.01, San Francisco County, California",3557,257,3366,238,3054,238,107,66,22,36,133,60,0,12,50,48,191,103,14,21,177,102,191,103,117,84,0,12,60,49,0,12,14,21,0,12,0,12
1400000US06075017102,06075017102,"Census Tract 171.02, San Francisco County, California",3862,274,3534,276,3064,276,118,100,0,12,278,118,0,12,74,56,328,156,39,46,289,147,246,129,57,44,103,110,24,24,0,12,62,55,82,67,0,12
1400000US06075017601,06075017601,"Census Tract 176.01, San Francisco County, California",7220,583,6820,650,2138,311,963,327,57,66,3473,516,39,43,150,101,400,219,27,37,373,213,400,219,40,62,0,17,177,130,81,91,102,128,0,17,0,17
1400000US06075017700,06075017700,"Census Tract 177, San Francisco County, California",1654,220,1558,230,895,177,34,36,79,103,132,70,0,12,418,227,96,75,0,12,96,75,82,71,0,12,18,42,22,19,0,12,42,56,14,22,0,12
1400000US06075017801,06075017801,"Census Tract 178.01, San Francisco County, California",3066,324,3040,297,821,200,171,100,0,12,2001,280,0,12,47,50,26,57,26,57,0,12,26,57,0,12,0,12,0,12,0,12,26,57,0,12,0,12
1400000US06075017802,06075017802,"Census Tract 178.02, San Francisco County, California",4307,584,4115,555,1974,348,369,180,0,12,1320,269,18,30,434,388,192,104,65,60,127,83,175,100,33,51,29,47,32,38,0,12,81,64,0,12,17,29
1400000US06075017902,06075017902,"Census Tract 179.02, San Francisco County, California",3083,398,2790,375,1155,218,719,234,50,56,493,204,32,53,341,151,293,136,44,45,249,136,194,110,22,29,15,34,64,92,45,57,48,47,84,51,15,34
1400000US06075018000,06075018000,"Census Tract 180, San Francisco County, California",3232,529,3031,533,1528,314,514,199,20,25,672,174,29,40,268,139,201,91,1,2,200,91,170,79,18,19,3,5,96,64,0,12,53,54,31,56,0,12
1400000US06075020100,06075020100,"Census Tract 201, San Francisco County, California",5257,536,4939,577,2717,567,228,139,80,75,1003,291,77,89,834,372,318,174,83,77,235,153,278,177,0,17,53,88,131,114,11,27,83,77,40,50,0,17
1400000US06075020200,06075020200,"Census Tract 202, San Francisco County, California",5962,507,5762,516,3870,529,354,200,0,17,811,355,0,17,727,347,200,100,48,48,152,95,200,100,21,32,14,22,101,82,0,17,64,53,0,17,0,17
1400000US06075020300,06075020300,"Census Tract 203, San Francisco County, California",3042,276,2873,272,2243,267,61,58,36,34,399,94,0,12,134,114,169,65,25,37,144,52,158,62,16,24,16,19,101,55,0,12,25,37,11,17,0,12
1400000US06075020401,06075020401,"Census Tract 204.01, San Francisco County, California",3090,213,2916,210,2491,242,124,103,35,35,221,106,0,12,45,66,174,97,10,17,164,91,165,95,18,31,73,70,51,55,0,12,23,26,9,15,0,12
1400000US06075020402,06075020402,"Census Tract 204.02, San Francisco County, California",4128,368,3921,351,3150,342,119,91,0,12,591,146,0,12,61,51,207,145,42,42,165,140,191,140,80,117,0,12,41,57,0,12,70,53,16,25,0,12
1400000US06075020500,06075020500,"Census Tract 205, San Francisco County, California",2646,179,2526,178,2238,195,62,50,13,21,153,85,0,12,60,46,120,63,11,17,109,61,78,51,0,12,21,34,46,35,0,12,11,17,19,22,23,34
1400000US06075020600,06075020600,"Census Tract 206, San Francisco County, California",4607,340,4465,332,3652,348,87,74,72,85,359,117,46,75,249,179,142,87,50,59,92,63,142,87,0,12,13,24,79,57,0,12,50,59,0,12,0,12
1400000US06075020700,06075020700,"Census Tract 207, San Francisco County, California",5427,414,5017,467,4020,469,50,51,26,35,627,158,0,17,294,187,410,281,66,91,344,266,368,281,0,17,57,55,230,256,0,17,81,94,42,54,0,17
1400000US06075020800,06075020800,"Census Tract 208, San Francisco County, California",6182,747,5954,769,3930,816,195,149,92,78,810,286,0,17,927,467,228,114,56,52,172,99,211,107,20,32,0,17,113,78,0,17,78,70,17,28,0,17
1400000US06075020900,06075020900,"Census Tract 209, San Francisco County, California",4723,311,4518,333,2762,364,55,47,122,128,639,244,0,12,940,386,205,92,80,65,125,69,205,92,17,19,13,20,73,53,0,12,102,73,0,12,0,12
1400000US06075021000,06075021000,"Census Tract 210, San Francisco County, California",4556,502,4279,510,3410,449,26,59,26,59,578,291,0,12,239,157,277,180,0,12,277,180,277,180,40,39,0,12,220,178,0,12,17,29,0,12,0,12
1400000US06075021100,06075021100,"Census Tract 211, San Francisco County, California",3993,283,3818,278,3080,332,75,72,17,20,480,166,0,12,166,95,175,106,14,23,161,107,149,100,0,12,11,21,124,97,0,12,14,23,26,40,0,12
1400000US06075021200,06075021200,"Census Tract 212, San Francisco County, California",2842,202,2671,213,2325,190,33,44,0,12,277,86,0,12,36,32,171,78,32,29,139,74,171,78,5,9,49,49,56,46,0,12,61,41,0,12,0,12
1400000US06075021300,06075021300,"Census Tract 213, San Francisco County, California",2626,227,2478,232,2113,193,0,12,0,12,316,141,0,12,49,57,148,80,0,12,148,80,130,73,0,12,0,12,110,68,0,12,20,24,18,21,0,12
1400000US06075021400,06075021400,"Census Tract 214, San Francisco County, California",3459,285,3281,292,2715,271,9,15,13,20,471,124,0,12,73,53,178,91,19,24,159,90,178,91,17,18,25,24,117,85,0,12,19,24,0,12,0,12
1400000US06075021500,06075021500,"Census Tract 215, San Francisco County, California",5129,455,5016,453,3958,490,196,133,0,12,538,134,15,24,309,250,113,85,0,12,113,85,92,74,0,12,15,25,66,65,0,12,11,21,21,37,0,12
1400000US06075021600,06075021600,"Census Tract 216, San Francisco County, California",4335,532,4176,531,2585,373,289,162,74,85,846,184,11,18,371,486,159,134,0,12,159,134,131,129,0,12,0,12,119,127,0,12,12,21,28,49,0,12
1400000US06075021700,06075021700,"Census Tract 217, San Francisco County, California",4079,290,3907,316,2536,305,504,245,10,16,701,175,0,12,156,108,172,105,12,19,160,100,161,102,41,58,52,54,56,56,0,12,12,19,11,17,0,12
1400000US06075021800,06075021800,"Census Tract 218, San Francisco County, California",4238,244,3944,253,3322,255,75,41,17,24,334,131,0,12,196,124,294,118,0,12,294,118,259,107,67,56,16,18,169,81,0,12,7,11,35,54,0,12
1400000US06075022600,06075022600,"Census Tract 226, San Francisco County, California",1866,164,1790,163,1145,157,154,122,0,12,484,140,0,12,7,11,76,38,16,17,60,32,76,38,6,11,0,12,48,31,6,9,16,17,0,12,0,12
1400000US06075022702,06075022702,"Census Tract 227.02, San Francisco County, California",2297,194,2109,183,1724,224,56,61,0,12,301,112,0,12,28,25,188,88,0,12,188,88,130,65,19,28,13,20,91,49,0,12,7,12,58,65,0,12
1400000US06075022704,06075022704,"Census Tract 227.04, San Francisco County, California",3314,202,3151,191,2451,222,32,37,11,15,568,128,0,12,89,61,163,75,11,18,152,68,133,65,6,10,0,12,107,56,0,12,20,23,30,35,0,12
1400000US06075022801,06075022801,"Census Tract 228.01, San Francisco County, California",4988,416,4850,423,3123,505,197,147,0,12,736,146,18,28,776,273,138,101,0,12,138,101,138,101,13,15,6,10,106,99,0,12,13,19,0,12,0,12
1400000US06075022802,06075022802,"Census Tract 228.02, San Francisco County, California",2220,281,2128,296,1188,315,85,64,9,14,400,174,0,12,446,166,92,62,17,24,75,57,79,55,12,15,6,10,43,43,0,12,18,25,13,30,0,12
1400000US06075022803,06075022803,"Census Tract 228.03, San Francisco County, California",4930,520,4805,544,2950,508,99,74,27,43,415,183,0,17,1314,505,125,80,51,50,74,56,125,80,11,17,14,24,28,30,0,17,72,65,0,17,0,17
1400000US06075022901,06075022901,"Census Tract 229.01, San Francisco County, California",5024,563,4762,583,2581,461,199,141,35,35,488,177,0,12,1459,616,262,132,162,117,100,56,251,130,20,24,0,12,57,49,0,12,174,124,11,17,0,12
1400000US06075022902,06075022902,"Census Tract 229.02, San Francisco County, California",2460,282,2316,293,1635,348,217,104,0,12,186,102,20,31,258,137,144,102,68,91,76,49,135,99,0,12,35,33,23,25,9,13,68,91,0,12,9,13
1400000US06075022903,06075022903,"Census Tract 229.03, San Francisco County, California",3097,430,2791,376,1686,283,68,61,4,8,423,169,0,12,610,291,306,172,164,155,142,118,241,144,13,21,10,16,54,43,0,12,164,155,65,109,0,12
1400000US06075023001,06075023001,"Census Tract 230.01, San Francisco County, California",4835,440,4743,436,759,211,707,204,0,17,3185,441,0,17,92,109,92,70,0,17,92,70,51,44,9,13,0,17,12,17,21,34,9,15,9,15,32,50
1400000US06075023003,06075023003,"Census Tract 230.03, San Francisco County, California",4369,504,4161,490,658,205,1504,399,11,17,1835,288,0,12,153,104,208,153,126,137,82,71,208,153,0,12,0,12,21,26,13,15,174,150,0,12,0,12
1400000US06075023102,06075023102,"Census Tract 231.02, San Francisco County, California",4870,455,4737,471,462,239,3216,477,0,12,627,319,272,179,160,199,133,77,0,12,133,77,126,78,17,23,5,10,42,51,46,72,16,12,7,12,0,12
1400000US06075023103,06075023103,"Census Tract 231.03, San Francisco County, California",2934,308,2619,271,373,264,1485,303,0,12,91,93,314,130,356,294,315,172,85,86,230,141,301,170,121,120,0,12,30,42,0,12,150,134,0,12,14,22
1400000US06075023200,06075023200,"Census Tract 232, San Francisco County, California",4319,465,4152,434,1108,226,1966,324,161,252,713,216,28,38,176,179,167,125,7,15,160,124,167,125,39,49,0,12,0,12,5,12,123,136,0,12,0,12
1400000US06075023300,06075023300,"Census Tract 233, San Francisco County, California",3367,350,3310,364,494,136,335,159,0,12,2257,319,0,12,224,199,57,50,0,12,57,50,39,30,28,26,0,12,0,12,11,17,0,12,18,29,0,12
1400000US06075023400,06075023400,"Census Tract 234, San Francisco County, California",3699,499,3628,488,465,340,811,233,43,45,836,241,75,57,1398,557,71,72,38,62,33,34,66,70,0,12,0,12,0,12,3,6,63,69,5,9,0,12
1400000US06075025100,06075025100,"Census Tract 251, San Francisco County, California",3402,293,3226,319,2269,248,230,144,6,10,596,212,0,12,125,63,176,138,58,80,118,78,168,138,24,26,3,9,83,76,0,12,58,80,8,12,0,12
1400000US06075025200,06075025200,"Census Tract 252, San Francisco County, California",5957,678,5482,713,3885,593,226,147,3,8,600,220,22,34,746,603,475,173,89,68,386,136,475,173,0,17,21,35,254,89,55,80,145,112,0,17,0,17
1400000US06075025300,06075025300,"Census Tract 253, San Francisco County, California",4718,362,4561,349,3045,273,180,128,12,18,563,202,0,12,761,314,157,67,0,12,157,67,142,63,46,38,30,27,59,44,0,12,7,11,2,5,13,23
1400000US06075025401,06075025401,"Census Tract 254.01, San Francisco County, California",3351,403,3216,412,1757,360,295,158,9,11,325,114,23,34,807,433,135,84,29,34,106,75,135,84,7,11,0,12,72,64,0,12,56,53,0,12,0,12
1400000US06075025402,06075025402,"Census Tract 254.02, San Francisco County, California",3287,278,2972,230,1807,263,67,71,0,12,784,198,81,117,233,172,315,159,84,90,231,131,298,158,0,12,36,40,173,120,5,8,84,90,0,12,17,27
1400000US06075025403,06075025403,"Census Tract 254.03, San Francisco County, California",5125,390,4896,408,2366,488,458,134,35,43,1209,231,0,17,828,390,229,128,35,58,194,106,208,123,15,24,50,56,77,59,0,17,66,74,21,33,0,17
1400000US06075025500,06075025500,"Census Tract 255, San Francisco County, California",8696,826,8506,847,3048,629,69,69,124,177,3271,915,0,17,1994,704,190,102,62,59,128,86,175,100,32,50,9,13,72,58,0,17,62,59,15,25,0,17
1400000US06075025600,06075025600,"Census Tract 256, San Francisco County, California",5578,412,5367,404,1557,289,143,86,14,21,3139,365,0,17,514,330,211,93,34,33,177,96,211,93,42,62,41,49,62,51,0,17,66,43,0,17,0,17
1400000US06075025701,06075025701,"Census Tract 257.01, San Francisco County, California",5116,454,5062,452,1442,375,291,154,31,43,2967,320,6,10,325,255,54,45,29,36,25,28,52,45,0,12,0,12,10,18,0,12,42,41,2,6,0,12
1400000US06075025702,06075025702,"Census Tract 257.02, San Francisco County, California",4831,568,4814,555,961,449,157,157,8,13,2832,505,0,12,856,637,17,45,15,44,2,6,17,45,0,12,0,12,0,12,0,12,17,45,0,12,0,12
1400000US06075025800,06075025800,"Census Tract 258, San Francisco County, California",1994,180,1899,178,496,223,108,64,0,12,996,219,0,12,299,138,95,77,9,12,86,75,90,75,44,52,9,14,10,16,0,12,27,30,5,8,0,12
1400000US06075025900,06075025900,"Census Tract 259, San Francisco County, California",3996,388,3816,353,1079,273,357,92,9,15,1992,297,0,12,379,143,180,125,67,67,113,100,180,125,32,52,39,36,42,57,0,12,67,67,0,12,0,12
1400000US06075026001,06075026001,"Census Tract 260.01, San Francisco County, California",5448,514,5103,552,1766,445,163,119,17,28,2023,408,71,109,1063,424,345,178,29,31,316,171,223,104,105,80,8,13,81,74,0,17,29,31,122,134,0,17
1400000US06075026002,06075026002,"Census Tract 260.02, San Francisco County, California",3549,285,3431,317,1314,209,145,96,10,14,1324,265,0,12,638,231,118,92,0,12,118,92,112,91,0,12,93,90,0,12,4,8,15,21,6,9,0,12
1400000US06075026003,06075026003,"Census Tract 260.03, San Francisco County, California",5097,533,4987,526,1788,562,35,32,45,78,2402,521,1,3,716,276,110,70,33,38,77,65,110,70,23,37,0,17,54,54,0,17,33,38,0,17,0,17
1400000US06075026004,06075026004,"Census Tract 260.04, San Francisco County, California",4658,450,4422,503,1637,446,78,54,0,12,2360,343,0,12,347,248,236,144,149,135,87,54,212,140,23,31,0,12,28,30,0,12,161,136,12,18,12,18
1400000US06075026100,06075026100,"Census Tract 261, San Francisco County, California",7047,605,6733,624,1738,547,81,48,31,49,4074,408,30,37,779,357,314,171,41,40,273,161,271,156,22,36,8,14,153,134,0,17,88,57,43,54,0,17
1400000US06075026200,06075026200,"Census Tract 262, San Francisco County, California",7867,450,7740,431,1861,429,91,78,56,42,4917,470,0,17,815,267,127,138,30,35,97,134,127,138,1,2,96,134,0,17,0,17,30,35,0,17,0,17
1400000US06075026301,06075026301,"Census Tract 263.01, San Francisco County, California",4672,491,4452,515,1286,292,48,39,35,52,2353,403,19,26,711,393,220,159,17,26,203,160,212,154,28,44,0,12,134,135,0,12,50,47,8,14,0,12
1400000US06075026302,06075026302,"Census Tract 263.02, San Francisco County, California",5295,365,5195,381,1607,297,118,92,0,17,2699,320,171,192,600,281,100,89,0,17,100,89,100,89,12,19,0,17,72,77,16,27,0,17,0,17,0,17
1400000US06075026303,06075026303,"Census Tract 263.03, San Francisco County, California",5365,681,5250,679,1681,621,113,121,7,11,2844,377,0,17,605,338,115,133,32,41,83,126,108,133,0,17,76,126,0,17,0,17,32,41,7,14,0,17
1400000US06075026401,06075026401,"Census Tract 264.01, San Francisco County, California",3802,275,3627,307,348,133,492,166,0,12,2524,277,0,12,263,147,175,109,101,89,74,68,144,94,0,12,12,16,0,12,0,12,132,95,18,26,13,19
1400000US06075026402,06075026402,"Census Tract 264.02, San Francisco County, California",4155,437,4010,440,650,112,516,196,0,12,2555,481,0,12,289,223,145,100,10,18,135,97,145,100,31,51,15,25,77,67,0,12,22,27,0,12,0,12
1400000US06075026403,06075026403,"Census Tract 264.03, San Francisco County, California",3833,343,3669,385,406,216,169,107,6,13,2794,362,0,12,294,138,164,133,80,81,84,105,164,133,8,13,0,12,63,88,3,6,90,84,0,12,0,12
1400000US06075026404,06075026404,"Census Tract 264.04, San Francisco County, California",2476,300,2386,286,411,220,462,195,3,5,1358,252,0,12,152,86,90,80,6,8,84,79,77,76,0,12,0,12,0,12,71,75,6,8,13,19,0,12
1400000US06075030101,06075030101,"Census Tract 301.01, San Francisco County, California",4728,411,4523,414,3215,351,100,89,0,12,1001,198,0,12,207,149,205,109,0,12,205,109,205,109,2,4,10,18,180,106,0,12,13,22,0,12,0,12
1400000US06075030102,06075030102,"Census Tract 301.02, San Francisco County, California",5229,337,5015,334,3552,310,99,66,86,107,1022,235,18,29,238,173,214,88,38,42,176,79,208,90,21,33,8,15,71,65,0,12,108,81,6,12,0,12
1400000US06075030201,06075030201,"Census Tract 302.01, San Francisco County, California",4184,294,3973,266,2516,241,8,9,0,12,1362,201,32,48,55,37,211,114,0,12,211,114,211,114,11,17,72,83,128,78,0,12,0,12,0,12,0,12
1400000US06075030202,06075030202,"Census Tract 302.02, San Francisco County, California",4296,448,3834,442,2521,427,84,72,0,12,1111,325,0,12,118,119,462,222,0,12,462,222,447,222,46,72,0,12,384,217,0,12,17,28,15,23,0,12
1400000US06075030301,06075030301,"Census Tract 303.01, San Francisco County, California",5648,386,5370,374,2951,406,47,53,0,17,2232,329,0,17,140,123,278,140,110,89,168,103,278,140,38,41,23,38,80,72,0,17,137,100,0,17,0,17
1400000US06075030302,06075030302,"Census Tract 303.02, San Francisco County, California",3936,355,3777,358,1807,240,28,23,0,12,1864,298,0,12,78,56,159,99,12,18,147,98,159,99,0,12,0,12,113,88,0,12,46,52,0,12,0,12
1400000US06075030400,06075030400,"Census Tract 304, San Francisco County, California",5411,279,5162,272,2593,298,111,97,7,10,2279,355,0,17,172,133,249,137,0,17,249,137,243,136,0,17,1,5,242,137,0,17,0,17,6,24,0,17
1400000US06075030500,06075030500,"Census Tract 305, San Francisco County, California",2825,239,2603,239,1673,175,216,104,26,28,594,122,2,4,92,59,222,87,23,29,199,76,222,87,35,58,0,12,147,80,1,7,39,41,0,12,0,12
1400000US06075030600,06075030600,"Census Tract 306, San Francisco County, California",2353,110,2237,130,1546,162,14,15,0,12,618,156,0,12,59,45,116,81,0,12,116,81,88,50,18,25,30,27,24,20,0,12,16,22,28,45,0,12
1400000US06075030700,06075030700,"Census Tract 307, San Francisco County, California",6905,431,6245,540,4037,418,62,76,18,31,1779,356,0,17,349,274,660,268,21,33,639,264,638,264,0,17,49,55,457,236,23,36,109,92,22,35,0,17
1400000US06075030800,06075030800,"Census Tract 308, San Francisco County, California",5646,385,5395,410,3345,451,100,91,0,17,1716,438,29,43,205,145,251,134,0,17,251,134,243,127,32,36,2,12,164,100,0,17,45,67,8,21,0,17
1400000US06075030900,06075030900,"Census Tract 309, San Francisco County, California",6619,410,6339,425,3258,289,179,158,0,17,2708,325,45,64,149,124,280,220,0,17,280,220,242,212,0,17,0,17,202,208,1,3,39,44,38,58,0,17
1400000US06075031000,06075031000,"Census Tract 310, San Francisco County, California",3744,294,3563,328,1952,266,160,84,4,7,1185,183,0,12,262,212,181,109,61,86,120,72,179,109,14,25,17,20,68,51,0,12,80,95,2,4,0,12
1400000US06075031100,06075031100,"Census Tract 311, San Francisco County, California",6602,601,6221,558,3559,474,468,516,0,17,2000,352,0,17,194,140,381,183,96,111,285,162,381,183,49,59,0,17,236,152,0,17,96,111,0,17,0,17
1400000US06075031201,06075031201,"Census Tract 312.01, San Francisco County, California",7169,778,6858,762,1586,452,375,184,33,48,4367,705,0,17,497,287,311,160,35,54,276,155,311,160,0,17,49,57,183,120,0,17,79,77,0,17,0,17
1400000US06075031202,06075031202,"Census Tract 312.02, San Francisco County, California",2982,298,2872,316,496,153,543,224,13,20,1507,255,31,35,282,119,110,78,0,12,110,78,79,63,11,16,0,12,4,6,0,12,64,60,31,32,0,12
1400000US06075031301,06075031301,"Census Tract 313.01, San Francisco County, California",4363,416,4036,398,973,219,973,304,129,136,1941,256,0,12,20,25,327,164,63,60,264,158,262,160,0,12,120,126,79,85,0,12,63,60,47,57,18,27
1400000US06075031302,06075031302,"Census Tract 313.02, San Francisco County, California",6301,614,5980,651,1377,342,904,332,0,17,3033,464,0,17,666,500,321,185,85,132,236,143,321,185,39,50,40,61,157,94,0,17,85,132,0,17,0,17
1400000US06075031400,06075031400,"Census Tract 314, San Francisco County, California",6578,691,6396,670,1579,673,1016,181,10,14,3105,363,0,17,686,195,182,127,27,31,155,118,182,127,47,55,0,17,52,70,0,17,83,61,0,17,0,17
1400000US06075032601,06075032601,"Census Tract 326.01, San Francisco County, California",4766,395,4337,444,1746,215,35,34,0,12,2498,408,0,12,58,40,429,214,0,12,429,214,397,214,31,30,143,191,199,118,0,12,24,25,32,38,0,12
1400000US06075032602,06075032602,"Census Tract 326.02, San Francisco County, California",4540,432,4277,469,1774,342,12,17,5,8,2366,327,0,12,120,108,263,140,7,12,256,138,263,140,27,41,34,52,188,123,0,12,14,12,0,12,0,12
1400000US06075032700,06075032700,"Census Tract 327, San Francisco County, California",7130,566,6835,585,2610,329,1,3,0,17,4094,610,0,17,130,99,295,163,31,51,264,151,295,163,60,97,0,17,189,110,0,17,46,59,0,17,0,17
1400000US06075032801,06075032801,"Census Tract 328.01, San Francisco County, California",4111,432,4058,426,1200,318,22,26,6,14,2670,474,0,12,160,183,53,48,0,12,53,48,53,48,0,12,0,12,45,46,0,12,8,13,0,12,0,12
1400000US06075032802,06075032802,"Census Tract 328.02, San Francisco County, California",3986,544,3779,471,825,253,84,114,0,12,2771,407,13,22,86,77,207,187,13,19,194,195,207,187,0,12,144,183,8,12,0,12,55,52,0,12,0,12
1400000US06075032901,06075032901,"Census Tract 329.01, San Francisco County, California",5582,462,5215,479,1799,277,47,51,0,17,3297,414,7,12,65,69,367,184,0,17,367,184,367,184,38,60,0,17,306,175,0,17,23,26,0,17,0,17
1400000US06075032902,06075032902,"Census Tract 329.02, San Francisco County, California",3995,436,3771,410,1242,280,67,73,16,25,2437,424,0,12,9,15,224,149,0,12,224,149,199,147,0,12,19,31,180,138,0,12,0,12,25,29,0,12
1400000US06075033000,06075033000,"Census Tract 330, San Francisco County, California",8770,907,8532,913,3680,575,65,66,48,53,4537,761,0,17,202,150,238,123,18,29,220,121,212,115,32,51,67,54,84,71,0,17,29,34,26,44,0,17
1400000US06075033100,06075033100,"Census Tract 331, San Francisco County, California",4677,387,4660,385,1741,423,1,2,0,12,2884,531,0,12,34,51,17,19,0,12,17,19,17,19,0,12,0,12,10,16,0,12,7,10,0,12,0,12
1400000US06075033201,06075033201,"Census Tract 332.01, San Francisco County, California",3702,466,3393,404,1998,322,287,128,14,20,657,146,0,12,437,139,309,132,0,12,309,132,244,115,10,20,29,31,195,100,0,12,10,15,65,52,0,12
1400000US06075033203,06075033203,"Census Tract 332.03, San Francisco County, California",3931,456,3687,430,1884,317,273,188,0,12,1330,317,0,12,200,143,244,130,54,61,190,108,220,113,81,83,24,30,15,18,19,30,81,72,24,37,0,12
1400000US06075033204,06075033204,"Census Tract 332.04, San Francisco County, California",3736,269,3479,264,1684,318,303,138,0,12,1282,325,0,12,210,110,257,133,11,19,246,133,201,113,76,55,0,12,99,102,0,12,26,29,56,86,0,12
1400000US06075035100,06075035100,"Census Tract 351, San Francisco County, California",8031,511,7576,549,2958,388,84,50,0,17,4487,404,2,5,45,52,455,262,62,109,393,236,455,262,27,48,78,119,273,188,0,17,77,109,0,17,0,17
1400000US06075035201,06075035201,"Census Tract 352.01, San Francisco County, California",5439,473,5162,471,2015,392,1,2,0,17,2888,375,180,183,78,64,277,131,39,30,238,126,229,100,21,24,6,10,138,81,0,17,64,39,48,69,0,17
1400000US06075035202,06075035202,"Census Tract 352.02, San Francisco County, California",4551,312,4327,312,2057,266,19,27,0,12,1880,308,37,39,334,212,224,118,20,32,204,116,218,117,18,28,0,12,136,95,0,12,64,59,6,9,0,12
1400000US06075035300,06075035300,"Census Tract 353, San Francisco County, California",7885,450,7667,446,2049,318,94,140,0,17,5291,521,9,15,224,157,218,178,88,76,130,135,171,147,51,76,0,17,14,24,0,17,106,80,47,73,0,17
1400000US06075035400,06075035400,"Census Tract 354, San Francisco County, California",6330,646,5997,679,2433,429,88,76,0,17,3314,531,0,17,162,140,333,184,154,125,179,113,310,184,0,17,0,17,110,88,0,17,200,156,23,36,0,17
1400000US06075040100,06075040100,"Census Tract 401, San Francisco County, California",4346,323,4203,302,2789,339,51,57,0,12,1328,216,9,17,26,27,143,96,0,12,143,96,143,96,0,12,33,39,100,86,0,12,10,19,0,12,0,12
1400000US06075040200,06075040200,"Census Tract 402, San Francisco County, California",5045,569,4682,583,2558,403,135,107,0,17,1855,442,0,17,134,80,363,221,42,52,321,211,348,214,21,33,0,17,214,165,0,17,113,95,15,23,0,17
1400000US06075042601,06075042601,"Census Tract 426.01, San Francisco County, California",4111,462,3951,431,1846,282,133,116,0,12,1760,263,0,12,212,314,160,119,13,22,147,117,160,119,40,62,0,12,107,95,0,12,13,22,0,12,0,12
1400000US06075042602,06075042602,"Census Tract 426.02, San Francisco County, California",3487,308,3346,321,1953,310,47,55,24,38,977,188,222,221,123,140,141,86,0,12,141,86,141,86,0,12,9,15,102,79,0,12,30,35,0,12,0,12
1400000US06075042700,06075042700,"Census Tract 427, San Francisco County, California",5370,699,5189,671,2693,621,143,114,18,28,2078,225,130,170,127,128,181,101,46,49,135,85,181,101,0,17,9,16,126,82,0,17,46,49,0,17,0,17
1400000US06075042800,06075042800,"Census Tract 428, San Francisco County, California",2357,150,2251,152,1716,201,10,15,0,12,525,187,0,12,0,12,106,60,20,27,86,57,106,60,0,12,5,8,62,50,0,12,39,39,0,12,0,12
1400000US06075045100,06075045100,"Census Tract 451, San Francisco County, California",5053,539,4857,527,2614,491,131,105,0,12,1981,354,30,49,101,89,196,118,40,64,156,97,147,98,13,21,1,4,79,67,0,12,54,69,49,46,0,12
1400000US06075045200,06075045200,"Census Tract 452, San Francisco County, California",6896,508,6513,521,3652,617,22,34,6,10,2730,655,43,134,60,69,383,152,45,53,338,140,383,152,0,17,24,27,301,131,0,17,58,58,0,17,0,17
1400000US06075047600,06075047600,"Census Tract 476, San Francisco County, California",5586,502,5248,433,2306,284,55,52,18,30,2794,294,0,17,75,106,338,250,0,17,338,250,338,250,0,17,13,22,325,252,0,17,0,17,0,17,0,17
1400000US06075047701,06075047701,"Census Tract 477.01, San Francisco County, California",4016,296,3876,305,1600,187,26,24,0,12,2128,284,87,109,35,43,140,81,8,12,132,81,100,61,11,18,0,12,67,52,0,12,22,24,40,61,0,12
1400000US06075047702,06075047702,"Census Tract 477.02, San Francisco County, California",4221,263,4109,279,1725,211,54,80,4,7,2261,205,0,12,65,51,112,71,0,12,112,71,112,71,7,11,0,12,105,71,0,12,0,12,0,12,0,12
1400000US06075047801,06075047801,"Census Tract 478.01, San Francisco County, California",4001,400,3709,431,1395,243,40,33,0,12,2193,459,0,12,81,63,292,158,0,12,292,158,221,142,0,12,5,9,216,143,0,12,0,12,71,69,0,12
1400000US06075047802,06075047802,"Census Tract 478.02, San Francisco County, California",3952,349,3721,387,1329,227,0,12,28,45,2330,415,0,12,34,31,231,126,0,12,231,126,209,120,0,12,61,66,119,98,0,12,29,44,22,37,0,12
1400000US06075047901,06075047901,"Census Tract 479.01, San Francisco County, California",6571,564,6131,484,3490,486,159,119,0,17,2461,305,21,48,0,17,440,288,0,17,440,288,389,273,24,30,23,34,328,266,0,17,14,24,38,63,13,30
1400000US06075047902,06075047902,"Census Tract 479.02, San Francisco County, California",3669,360,3339,354,1842,276,52,51,0,12,1375,203,0,12,70,60,330,152,31,40,299,144,268,124,74,76,0,12,109,59,34,52,51,56,44,39,18,21
1400000US06075060100,06075060100,"Census Tract 601, San Francisco County, California",3451,324,3332,320,2885,352,50,49,0,12,384,185,0,12,13,21,119,83,0,12,119,83,81,59,0,12,0,12,70,57,0,12,11,18,38,58,0,12
1400000US06075060400,06075060400,"Census Tract 604, San Francisco County, California",1854,227,1718,231,1121,193,45,29,0,12,327,164,0,12,225,196,136,78,0,12,136,78,136,78,8,13,0,12,90,64,0,12,38,45,0,12,0,12
1400000US06075060502,06075060502,"Census Tract 605.02, San Francisco County, California",3184,302,3008,286,563,232,562,170,56,72,906,200,424,183,497,216,176,122,77,99,99,68,164,118,40,44,0,12,0,12,11,16,113,110,12,17,0,12
1400000US06075060700,06075060700,"Census Tract 607, San Francisco County, California",9804,702,9588,701,4019,560,484,304,0,17,4487,615,0,17,598,323,216,158,5,9,211,157,216,158,104,134,0,17,74,68,28,40,10,19,0,17,0,17
1400000US06075061000,06075061000,"Census Tract 610, San Francisco County, California",4474,436,3981,403,826,292,551,250,19,29,2258,358,67,96,260,265,493,304,154,163,339,267,455,298,45,53,40,48,16,25,0,12,354,287,38,45,0,12
1400000US06075061100,06075061100,"Census Tract 611, San Francisco County, California",4488,409,4467,410,230,87,22,36,16,27,4012,411,0,12,187,290,21,30,13,20,8,12,21,30,0,12,0,12,6,10,0,12,15,22,0,12,0,12
1400000US06075061200,06075061200,"Census Tract 612, San Francisco County, California",4023,543,3883,539,878,340,935,230,67,110,1017,208,0,12,986,475,140,84,1,4,139,84,125,78,50,56,27,43,0,12,38,46,10,17,15,18,0,12
1400000US06075061400,06075061400,"Census Tract 614, San Francisco County, California",5625,506,5254,522,3862,477,290,351,0,17,846,287,136,139,120,116,371,178,0,17,371,178,332,166,95,74,0,17,183,115,0,17,54,77,17,29,22,38
1400000US06075061500,06075061500,"Census Tract 615, San Francisco County, California",12391,1223,12157,1228,7506,1153,257,203,115,102,3960,654,0,19,319,249,234,203,65,99,169,182,234,203,10,19,0,19,143,178,0,19,81,100,0,19,0,19
1400000US06075980200,06075980200,"Census Tract 9802, San Francisco County, California",299,145,290,149,215,137,17,25,0,12,55,40,0,12,3,8,9,11,5,7,4,9,9,11,0,12,0,12,0,12,4,9,5,7,0,12,0,12
1400000US06075980300,06075980300,"Census Tract 9803, San Francisco County, California",45,25,40,26,40,26,0,12,0,12,0,12,0,12,0,12,5,7,0,12,5,7,5,7,0,12,0,12,5,7,0,12,0,12,0,12,0,12
1400000US06075980401,06075980401,"Census Tract 9804.01, San Francisco County, California",0,12,0,12,0,12,0,12,0,12,0,12,0,12,0,12,0,12,0,12,0,12,0,12,0,12,0,12,0,12,0,12,0,12,0,12,0,12
1400000US06075980501,06075980501,"Census Tract 9805.01, San Francisco County, California",850,191,764,170,100,59,155,74,0,12,361,134,105,112,43,53,86,62,13,30,73,54,72,53,43,46,0,12,13,19,0,12,16,31,0,12,14,32
1400000US06075980600,06075980600,"Census Tract 9806, San Francisco County, California",401,101,398,102,97,45,226,86,0,12,70,68,0,12,5,7,3,7,0,12,3,7,3,7,3,7,0,12,0,12,0,12,0,12,0,12,0,12
1400000US06075980900,06075980900,"Census Tract 9809, San Francisco County, California",246,79,226,74,124,55,32,34,0,12,42,34,7,10,21,35,20,21,0,12,20,21,12,18,0,12,0,12,12,18,0,12,0,12,8,12,0,12
1400000US06075990100,06075990100,"Census Tract 9901, San Francisco County, California",0,12,0,12,0,12,0,12,0,12,0,12,0,12,0,12,0,12,0,12,0,12,0,12,0,12,0,12,0,12,0,12,0,12,0,12,0,12
